<?xml version="1.0" encoding="UTF-8"?>
<project-private xmlns="http://www.netbeans.org/ns/project-private/1">
    <editor-bookmarks xmlns="http://www.netbeans.org/ns/editor-bookmarks/2" lastBookmarkId="0"/>
    <open-files xmlns="http://www.netbeans.org/ns/projectui-open-files/2">
        <group>
            <file>file:/C:/Users/EVERT/Documents/NetBeansProjects/MO1004/src/mo1004/Poupanca.java</file>
            <file>file:/C:/Users/EVERT/Documents/NetBeansProjects/MO1004/src/mo1004/MO1004.java</file>
            <file>file:/C:/Users/EVERT/Documents/NetBeansProjects/MO1004/src/mo1004/Conta.java</file>
            <file>file:/C:/Users/EVERT/Documents/NetBeansProjects/MO1004/src/mo1004/Corrente.java</file>
            <file>file:/C:/Users/EVERT/Documents/NetBeansProjects/MO1004/src/mo1004/AppDAO.java</file>
            <file>file:/C:/Users/EVERT/Documents/NetBeansProjects/MO1004/src/mo1004/FuncionarioDAO.java</file>
        </group>
    </open-files>
</project-private>
