<?xml version="1.0" encoding="UTF-8"?>
<project-private xmlns="http://www.netbeans.org/ns/project-private/1">
    <editor-bookmarks xmlns="http://www.netbeans.org/ns/editor-bookmarks/2" lastBookmarkId="0"/>
    <open-files xmlns="http://www.netbeans.org/ns/projectui-open-files/2">
        <group>
            <file>file:/C:/Users/EVERT/Documents/NetBeansProjects/ExemploPolimorfismo/ExemploPolimorfismo/src/exemplopolimorfismo/Gato.java</file>
            <file>file:/C:/Users/EVERT/Documents/NetBeansProjects/ExemploPolimorfismo/ExemploPolimorfismo/src/exemplopolimorfismo/Cachorro.java</file>
            <file>file:/C:/Users/EVERT/Documents/NetBeansProjects/ExemploPolimorfismo/ExemploPolimorfismo/src/exemplopolimorfismo/Pato.java</file>
            <file>file:/C:/Users/EVERT/Documents/NetBeansProjects/ExemploPolimorfismo/ExemploPolimorfismo/src/exemplopolimorfismo/ExemploPolimorfismo.java</file>
            <file>file:/C:/Users/EVERT/Documents/NetBeansProjects/ExemploPolimorfismo/ExemploPolimorfismo/src/exemplopolimorfismo/Animal.java</file>
            <file>file:/C:/Users/EVERT/Documents/NetBeansProjects/ExemploPolimorfismo/ExemploPolimorfismo/src/exemplopolimorfismo/Pessoa.java</file>
        </group>
    </open-files>
</project-private>
